timestamp,num_faces,exit_stage,yolo_ms,insightface_ms,embedding_ms,identify_ms,liveness_ms,antispoof_ms,total_ms
2026-06-05 00:33:22,1,unknown,43.99,509.2,0.11,0.15,,,509.52
2026-06-05 00:33:23,1,liveness_fail,48.4,93.61,0.02,0.07,0.25,,94.03
2026-06-05 00:33:23,1,liveness_fail,73.74,227.27,0.02,0.08,0.12,,227.55
2026-06-05 00:33:23,1,liveness_fail,89.06,221.34,0.04,0.12,0.22,,221.8
2026-06-05 00:33:24,1,liveness_fail,84.58,204.68,0.02,0.08,0.13,,204.97
2026-06-05 00:33:24,1,liveness_fail,74.88,175.61,0.83,0.23,0.46,,177.18
2026-06-05 00:33:25,1,liveness_fail,212.58,502.82,0.04,0.19,0.31,,503.45
2026-06-05 00:33:25,1,liveness_fail,140.36,653.83,0.17,0.43,0.46,,655.08
2026-06-05 00:33:26,1,liveness_fail,81.22,261.0,0.1,0.11,0.35,,261.65
2026-06-05 00:33:26,1,liveness_fail,104.78,339.96,0.51,0.11,0.2,,340.86
2026-06-05 00:33:27,1,liveness_fail,110.8,232.39,0.03,0.12,3.55,,236.14
2026-06-05 00:33:27,1,liveness_fail,77.08,216.95,0.03,0.17,0.29,,217.5
2026-06-05 00:33:27,1,liveness_fail,89.08,204.98,0.02,0.09,0.19,,205.36
2026-06-05 00:33:27,1,liveness_fail,82.9,201.51,0.03,0.23,0.25,,202.08
2026-06-05 00:33:28,1,success,75.77,179.81,0.03,0.09,0.58,141.13,362.43
2026-06-05 00:33:28,1,liveness_fail,43.82,117.4,0.03,0.1,0.25,,117.85
2026-06-05 00:33:29,1,liveness_fail,120.8,292.29,0.03,0.13,0.16,,292.66
2026-06-05 00:33:29,1,success,75.06,241.5,0.03,0.53,1.02,158.3,415.51
2026-06-05 00:33:29,1,liveness_fail,57.91,272.63,0.03,0.11,0.26,,273.11
2026-06-05 00:33:30,1,liveness_fail,79.61,176.06,0.03,0.1,0.14,,176.38
2026-06-05 00:33:30,1,liveness_fail,102.19,315.07,0.05,0.35,0.57,,316.21
2026-06-05 00:33:30,1,liveness_fail,140.94,190.68,0.05,0.15,0.21,,191.16
2026-06-05 00:33:31,1,success,77.39,173.66,0.03,0.09,0.32,126.47,313.19
2026-06-05 00:33:31,1,liveness_fail,44.45,196.69,0.03,0.14,0.2,,197.14
2026-06-05 00:33:32,1,liveness_fail,170.54,284.76,0.02,0.08,0.12,,285.05
2026-06-05 00:33:32,1,liveness_fail,62.73,216.16,0.02,0.1,0.15,,216.51
2026-06-05 00:33:32,1,liveness_fail,82.93,247.4,0.05,0.17,0.14,,247.83
2026-06-05 00:33:33,1,success,62.05,216.63,0.02,0.08,0.17,144.72,370.22
2026-06-05 00:33:33,1,liveness_fail,51.46,427.52,0.02,0.1,0.17,,427.88
2026-06-05 00:33:34,1,liveness_fail,278.33,476.82,0.03,0.1,0.16,,477.18
2026-06-05 00:33:35,1,success,308.21,387.57,0.03,0.1,0.18,230.27,674.26
2026-06-05 00:33:35,1,liveness_fail,85.03,425.72,0.03,0.12,0.22,,426.15
2026-06-05 00:33:36,1,liveness_fail,102.93,223.9,0.02,0.08,0.14,,224.19
2026-06-05 00:33:36,1,liveness_fail,117.96,220.51,0.05,0.25,0.16,,221.05
2026-06-05 00:33:36,1,liveness_fail,73.41,193.75,0.02,0.08,0.12,,194.02
2026-06-05 00:33:37,1,success,86.48,191.95,0.02,0.09,0.26,124.09,328.95
2026-06-05 00:33:37,1,liveness_fail,46.17,179.51,0.03,0.1,0.16,,179.86
2026-06-05 00:33:37,1,liveness_fail,46.99,190.97,0.03,0.08,0.12,,191.23
2026-06-05 00:33:38,1,liveness_fail,74.43,286.08,0.02,0.08,0.16,,286.4
2026-06-05 00:33:38,1,liveness_fail,89.4,218.56,0.03,0.1,0.15,,218.9
2026-06-05 00:33:39,1,success,62.37,246.41,0.03,0.11,0.2,125.43,385.57
2026-06-05 00:33:40,1,liveness_fail,47.43,1014.0,0.03,0.98,0.37,,1015.5
2026-06-05 00:33:44,1,liveness_fail,2222.86,1840.2,0.14,0.53,0.99,,1842.25
2026-06-05 00:33:44,1,liveness_fail,249.51,309.56,0.02,0.09,0.13,,309.86
2026-06-05 00:33:45,1,liveness_fail,94.49,203.1,0.02,0.46,0.21,,203.87
2026-06-05 00:33:45,1,liveness_fail,60.98,207.49,0.02,0.1,0.34,,208.02
2026-06-05 00:33:45,1,liveness_fail,78.71,191.24,0.02,0.08,0.16,,191.55
2026-06-05 00:33:46,1,liveness_fail,72.94,197.11,0.02,0.09,0.2,,197.49
2026-06-05 00:33:46,1,liveness_fail,57.69,178.93,0.02,0.09,0.27,,179.37
2026-06-05 00:33:46,1,liveness_fail,67.18,197.41,0.03,0.12,0.25,,197.87
2026-06-05 00:33:47,1,success,77.25,172.82,0.02,0.08,0.6,127.22,321.77
2026-06-05 00:33:47,1,liveness_fail,44.27,135.63,0.03,0.09,0.22,,136.03
2026-06-05 00:33:47,1,liveness_fail,89.22,194.1,0.02,0.09,0.14,,194.41
2026-06-05 00:33:47,1,liveness_fail,63.96,147.04,0.02,0.1,0.16,,147.38
2026-06-05 00:35:46,1,no_embedding,62.69,161.59,0.05,,,,161.75
2026-06-05 00:35:48,1,unknown,73.42,685.34,0.04,0.35,,,685.78
2026-06-05 00:35:49,1,liveness_fail,216.97,361.63,0.03,0.1,0.27,,362.1
2026-06-05 00:35:49,1,success,65.44,199.79,0.05,0.24,0.58,135.18,351.41
2026-06-05 00:35:50,1,liveness_fail,52.15,280.51,0.03,0.1,0.2,,280.9
2026-06-05 00:35:50,1,liveness_fail,94.56,244.09,0.02,0.27,0.14,,244.89
2026-06-05 00:35:50,1,liveness_fail,58.31,211.89,0.04,0.18,0.25,,212.44
2026-06-05 00:35:51,1,liveness_fail,71.63,207.88,0.02,0.14,0.14,,208.23
2026-06-05 00:35:51,1,success,67.06,218.4,0.02,0.1,0.18,139.07,370.26
2026-06-05 00:35:51,1,liveness_fail,42.51,171.05,0.03,0.1,0.15,,171.38
2026-06-05 00:35:52,1,liveness_fail,81.87,209.67,0.02,0.11,0.17,,210.05
2026-06-05 00:35:52,1,liveness_fail,101.45,195.54,0.03,0.09,0.14,,195.86
2026-06-05 00:35:52,1,liveness_fail,86.58,204.1,0.02,0.08,0.13,,204.38
2026-06-05 00:35:53,1,success,70.14,233.41,0.02,0.32,0.22,168.98,412.5
2026-06-05 00:35:53,1,liveness_fail,56.43,261.71,0.02,0.1,0.17,,262.07
2026-06-05 00:35:53,1,liveness_fail,69.59,186.93,0.02,0.08,0.14,,187.21
2026-06-05 00:35:54,1,liveness_fail,67.03,210.75,0.02,0.1,0.17,,211.11
2026-06-05 00:35:54,1,liveness_fail,68.26,201.1,0.02,0.09,0.13,,201.4
2026-06-05 00:35:55,1,success,59.75,244.57,0.05,0.18,0.33,143.05,400.98
2026-06-05 00:35:55,1,liveness_fail,59.09,260.0,0.03,0.38,0.24,,260.73
2026-06-05 00:35:55,1,liveness_fail,73.51,194.33,0.02,0.24,0.15,,194.81
2026-06-05 00:35:55,1,liveness_fail,61.92,233.37,0.02,0.1,0.15,,233.72
2026-06-05 00:35:56,1,liveness_fail,79.46,204.84,0.02,0.08,0.13,,205.12
2026-06-05 00:35:56,1,success,69.14,298.7,0.03,0.09,0.29,133.13,442.31
2026-06-05 00:35:57,1,liveness_fail,47.27,201.79,0.02,0.1,0.14,,202.1
2026-06-05 00:35:58,1,liveness_fail,55.66,802.84,0.05,0.17,0.29,,803.43
2026-06-05 00:35:58,1,success,89.15,210.61,0.02,0.09,0.15,140.03,364.06
2026-06-05 00:35:58,1,liveness_fail,86.75,284.24,0.03,1.57,0.24,,286.25
2026-06-05 00:35:59,1,liveness_fail,136.61,306.3,0.02,0.1,0.14,,306.61
2026-06-05 00:35:59,1,liveness_fail,95.93,228.57,0.02,0.08,0.12,,228.84
2026-06-05 00:36:00,1,liveness_fail,88.13,238.27,0.02,0.1,0.14,,238.61
2026-06-05 00:36:00,1,success,136.24,369.6,0.07,3.1,1.3,178.48,568.79
2026-06-05 00:36:01,1,liveness_fail,101.49,413.96,0.02,0.1,0.15,,414.28
2026-06-05 00:36:01,1,liveness_fail,78.51,225.07,0.02,0.1,0.15,,225.43
2026-06-05 00:36:01,1,liveness_fail,71.16,227.69,0.03,0.1,0.18,,228.09
2026-06-05 00:36:02,1,liveness_fail,94.81,240.88,0.04,0.17,0.24,,241.39
2026-06-05 00:36:02,1,success,146.05,229.83,0.02,0.1,0.2,134.45,385.27
2026-06-05 00:36:03,1,liveness_fail,54.06,237.61,0.02,0.09,0.17,,237.95
2026-06-05 00:36:03,1,liveness_fail,88.78,275.56,0.04,0.17,0.2,,276.64
2026-06-05 00:36:04,1,liveness_fail,238.06,250.93,0.03,0.08,0.15,,251.25
2026-06-05 00:36:04,1,liveness_fail,93.35,208.8,0.03,0.11,0.16,,209.17
2026-06-05 00:36:04,1,success,86.14,299.19,0.03,0.34,0.36,162.87,473.3
2026-06-05 00:36:05,1,liveness_fail,51.21,233.11,0.02,0.09,0.37,,233.64
2026-06-05 00:36:05,1,liveness_fail,72.52,213.25,0.02,0.08,0.13,,213.54
2026-06-05 00:36:05,1,liveness_fail,78.19,221.11,0.02,0.1,0.13,,221.41
2026-06-05 00:36:06,1,liveness_fail,56.03,191.03,0.02,0.13,0.14,,191.38
2026-06-05 00:36:06,1,success,68.12,206.38,0.03,0.1,0.2,128.56,347.98
2026-06-05 00:36:06,1,liveness_fail,42.88,219.45,0.03,0.11,0.15,,219.8
2026-06-05 00:36:07,1,liveness_fail,92.58,258.95,0.02,0.09,0.16,,259.29
2026-06-05 00:36:07,1,liveness_fail,102.61,301.86,0.03,0.11,0.15,,302.22
2026-06-05 00:36:07,1,liveness_fail,97.67,232.55,0.09,0.16,0.28,,233.17
2026-06-05 00:36:08,1,success,79.76,207.3,0.03,0.1,0.23,135.35,354.54
2026-06-05 00:36:08,1,liveness_fail,47.38,207.86,0.02,0.1,0.16,,208.2
2026-06-05 00:36:09,1,liveness_fail,84.98,219.98,0.05,0.37,0.32,,220.77
2026-06-05 00:36:09,1,success,74.0,265.26,1.91,0.71,0.25,149.56,431.92
2026-06-05 00:36:09,1,liveness_fail,48.96,229.05,0.03,0.1,0.25,,229.54
2026-06-05 00:36:10,1,liveness_fail,79.1,210.24,0.02,0.1,0.14,,210.55
2026-06-05 00:36:10,1,liveness_fail,101.02,254.92,0.03,0.1,0.16,,255.28
2026-06-05 00:36:11,1,success,102.6,240.46,0.02,0.1,0.16,202.45,458.15
2026-06-05 00:36:11,1,liveness_fail,117.96,276.31,0.03,0.1,0.15,,276.64
2026-06-05 00:36:11,1,liveness_fail,115.61,264.46,0.02,0.1,0.31,,264.95
2026-06-05 00:36:12,1,liveness_fail,238.99,276.9,0.02,0.1,0.14,,277.24
2026-06-05 00:36:12,1,liveness_fail,137.08,261.87,0.02,0.22,0.15,,262.32
2026-06-05 00:36:13,1,success,112.04,239.06,0.02,0.1,0.28,148.46,422.29
2026-06-05 00:36:13,1,liveness_fail,50.28,273.85,0.05,0.11,0.17,,274.25
2026-06-05 00:36:14,1,liveness_fail,82.75,236.57,0.16,0.19,0.18,,237.17
2026-06-05 00:36:14,1,liveness_fail,137.97,463.63,0.04,0.12,0.27,,464.2
2026-06-05 00:36:15,1,liveness_fail,165.22,333.99,0.03,0.11,0.13,,334.31
2026-06-05 00:36:15,1,success,150.94,300.94,0.02,0.09,0.2,126.21,437.21
2026-06-05 00:36:16,1,liveness_fail,47.8,216.93,0.02,0.1,0.33,,217.49
2026-06-05 00:36:16,1,liveness_fail,78.74,213.4,0.05,0.14,0.21,,213.88
2026-06-05 00:36:16,1,liveness_fail,78.34,213.33,0.02,0.1,0.14,,213.66
2026-06-05 00:36:17,1,liveness_fail,89.3,233.85,0.03,0.1,0.16,,234.2
2026-06-05 00:36:17,1,success,86.49,229.85,0.02,0.08,0.16,155.33,401.14
2026-06-05 00:36:17,1,unknown,55.86,237.17,0.02,0.08,,,237.3
2026-06-05 00:36:18,1,unknown,86.12,256.78,0.03,0.1,,,256.94
2026-06-05 00:36:18,1,liveness_fail,67.13,215.86,0.03,0.1,0.21,,216.26
2026-06-05 00:36:18,1,liveness_fail,103.15,236.0,0.02,0.09,0.13,,236.28
2026-06-05 00:37:27,1,liveness_fail,45.69,559.95,0.09,0.18,0.23,,560.55
2026-06-05 00:37:28,1,liveness_fail,77.07,283.34,0.05,0.17,0.17,,283.8
2026-06-05 00:37:28,1,success,108.84,233.1,0.02,0.17,0.31,161.23,409.93
2026-06-05 00:37:28,1,liveness_fail,45.64,195.29,0.03,0.12,0.21,,195.71
2026-06-05 00:37:29,1,liveness_fail,85.75,247.36,0.02,0.24,0.17,,247.84
2026-06-05 00:37:29,1,liveness_fail,93.1,284.51,0.03,0.09,0.13,,284.81
2026-06-05 00:37:30,1,success,76.75,254.42,0.03,0.16,0.23,149.38,415.83
2026-06-05 00:37:30,1,liveness_fail,50.75,224.63,0.02,0.08,0.12,,224.9
2026-06-05 00:37:30,1,liveness_fail,63.94,188.3,0.02,0.1,0.17,,188.66
2026-06-05 00:37:30,1,liveness_fail,61.77,192.65,0.02,0.08,0.12,,192.92
2026-06-05 00:37:31,1,liveness_fail,65.73,206.22,0.03,0.56,0.19,,207.06
2026-06-05 00:37:31,1,success,63.9,265.8,0.02,0.14,0.26,138.53,419.26
2026-06-05 00:37:31,1,liveness_fail,44.25,168.08,0.02,0.25,0.16,,168.56
2026-06-05 00:37:32,1,success,73.89,199.32,0.02,0.09,0.15,121.11,339.79
2026-06-05 00:37:32,1,liveness_fail,55.48,265.84,0.02,0.1,0.2,,266.24
2026-06-05 00:37:33,1,liveness_fail,75.77,1076.56,0.02,0.08,0.12,,1076.82
2026-06-05 00:37:35,1,liveness_fail,169.65,1079.45,0.09,0.13,0.22,,1079.98
2026-06-05 00:37:35,1,liveness_fail,191.87,315.9,0.03,0.25,0.22,,316.52
2026-06-05 00:37:36,1,success,57.16,191.48,0.03,0.1,0.33,124.84,338.37
2026-06-05 00:37:36,1,liveness_fail,44.72,188.56,0.03,0.13,0.23,,189.02
2026-06-05 00:37:36,1,liveness_fail,84.4,192.03,0.03,0.1,0.19,,192.42
2026-06-05 00:37:36,1,liveness_fail,66.16,190.14,0.02,0.09,0.14,,190.45
2026-06-05 00:37:37,1,liveness_fail,65.56,185.93,0.02,0.09,0.24,,186.35
2026-06-05 00:37:37,1,success,67.23,204.8,0.02,0.11,0.23,144.73,363.29
2026-06-05 00:37:37,1,liveness_fail,47.36,184.48,0.03,0.15,0.2,,186.18
2026-06-05 00:37:38,1,liveness_fail,57.03,174.0,0.03,0.09,0.14,,174.32
2026-06-05 00:37:38,1,success,75.36,190.14,0.03,0.1,0.15,139.74,342.19
2026-06-05 00:37:38,1,liveness_fail,45.04,175.57,0.03,0.1,0.15,,175.95
2026-06-05 00:37:39,1,success,73.75,193.38,0.03,0.18,0.17,124.07,332.71
2026-06-05 00:37:39,1,liveness_fail,43.84,116.11,0.03,0.19,0.17,,116.56
2026-06-05 00:37:39,1,liveness_fail,113.75,216.34,0.02,0.09,0.13,,216.63
2026-06-05 00:37:39,1,liveness_fail,74.64,171.22,0.02,0.09,0.14,,171.52
2026-06-05 00:37:40,1,liveness_fail,64.02,190.64,0.03,0.1,0.15,,191.0
2026-06-05 00:37:40,1,success,68.08,206.75,0.03,0.12,0.34,123.94,343.98
2026-06-05 00:37:40,1,liveness_fail,43.88,138.29,0.02,0.1,0.16,,138.64
2026-06-05 00:37:41,1,liveness_fail,81.91,176.41,0.02,0.13,0.15,,176.76
2026-06-05 00:37:41,1,liveness_fail,54.21,177.01,0.02,0.1,0.2,,177.41
2026-06-05 00:37:41,1,liveness_fail,53.87,207.29,0.03,0.2,0.43,,208.08
2026-06-05 00:37:42,1,success,84.71,217.09,0.02,0.09,0.2,121.14,351.52
2026-06-05 00:37:42,1,liveness_fail,43.7,112.06,0.03,0.19,0.16,,112.51
2026-06-05 00:37:42,1,liveness_fail,125.55,209.3,0.03,0.12,0.17,,209.67
2026-06-05 00:37:42,1,liveness_fail,65.9,189.23,0.02,0.09,0.12,,189.51
2026-06-05 00:37:43,1,liveness_fail,71.74,185.32,0.02,0.09,0.15,,185.66
2026-06-05 00:37:43,1,success,68.7,198.76,0.02,0.09,0.21,131.52,341.47
2026-06-05 00:37:43,1,liveness_fail,43.99,180.25,0.03,0.1,0.16,,180.62
2026-06-05 00:37:44,1,liveness_fail,94.14,213.16,0.02,0.09,0.26,,213.62
2026-06-05 00:37:44,1,liveness_fail,72.73,316.02,0.03,0.19,0.16,,316.46
2026-06-05 00:37:44,1,liveness_fail,70.18,220.06,0.02,0.08,0.2,,220.42
2026-06-05 00:37:45,1,success,66.38,195.74,0.02,0.14,0.23,124.1,334.24
2026-06-05 00:37:45,1,liveness_fail,57.89,426.11,0.07,0.15,0.25,,426.66
2026-06-05 00:37:46,1,liveness_fail,56.5,188.47,0.02,0.1,0.16,,188.81
2026-06-05 00:37:46,1,success,58.5,184.9,0.02,0.08,0.11,122.94,319.4
2026-06-05 00:37:46,1,liveness_fail,44.06,205.14,0.04,0.13,0.21,,205.58
2026-06-05 00:37:47,1,liveness_fail,78.02,186.19,0.02,0.12,0.21,,186.59
2026-06-05 00:37:47,1,liveness_fail,57.07,195.62,0.02,0.23,0.22,,196.19
2026-06-05 00:37:47,1,liveness_fail,78.36,208.33,0.02,0.1,0.16,,208.7
2026-06-05 00:37:48,1,success,65.73,204.4,0.03,0.08,0.16,124.55,340.36
2026-06-05 00:37:48,1,liveness_fail,42.96,142.1,0.02,0.11,0.15,,142.44
2026-06-05 00:37:48,1,liveness_fail,99.05,209.47,0.03,0.1,0.15,,209.82
2026-06-05 00:37:48,1,liveness_fail,68.44,195.86,0.03,0.11,0.2,,196.26
2026-06-05 00:37:49,1,liveness_fail,95.13,205.34,0.03,0.21,0.3,,206.39
2026-06-05 00:37:49,1,success,56.21,179.89,0.03,0.1,0.31,131.89,323.1
2026-06-05 00:37:49,1,liveness_fail,46.45,177.25,0.03,0.1,0.21,,177.69
2026-06-05 00:37:50,1,liveness_fail,82.47,192.85,0.02,0.1,0.14,,193.16
2026-06-05 00:37:50,1,liveness_fail,147.83,271.17,0.02,0.09,0.15,,271.48
2026-06-05 00:37:50,1,liveness_fail,72.75,191.94,0.03,0.09,0.16,,192.28
2026-06-05 00:37:51,1,success,73.67,185.58,0.02,0.1,0.27,121.94,318.25
2026-06-05 00:37:51,1,liveness_fail,45.32,166.85,0.02,0.39,0.16,,167.47
2026-06-05 00:37:51,1,liveness_fail,67.78,196.63,0.03,0.1,0.32,,197.14
2026-06-05 00:37:52,1,liveness_fail,96.45,191.81,0.02,0.08,0.12,,192.07
2026-06-05 00:37:52,1,liveness_fail,70.16,241.62,0.03,0.11,0.18,,242.01
2026-06-05 00:37:52,1,liveness_fail,62.67,234.41,0.02,0.14,0.25,,234.88
2026-06-05 00:37:53,1,liveness_fail,58.61,200.24,0.02,0.08,0.24,,200.62
2026-06-05 00:37:53,1,liveness_fail,75.31,196.36,0.02,0.09,0.18,,196.71
2026-06-05 00:37:53,1,liveness_fail,58.58,192.6,0.03,0.13,0.27,,193.11
2026-06-05 00:37:53,1,liveness_fail,68.49,192.22,0.03,0.1,0.22,,192.63
2026-06-05 00:37:54,1,liveness_fail,80.51,191.38,0.02,0.1,0.83,,192.38
2026-06-05 00:37:54,1,liveness_fail,60.22,180.18,0.02,0.1,0.19,,180.54
2026-06-05 00:37:54,1,liveness_fail,62.34,179.56,0.02,0.1,0.22,,179.97
2026-06-05 00:37:54,1,liveness_fail,64.37,187.33,0.02,0.09,0.24,,187.74
2026-06-05 00:37:55,1,liveness_fail,65.24,190.07,0.11,0.12,0.37,,190.76
2026-06-05 00:37:55,1,liveness_fail,66.5,188.52,0.03,0.09,0.18,,188.87
2026-06-05 00:37:55,1,liveness_fail,60.91,198.08,0.02,0.08,0.24,,198.47
2026-06-05 00:37:56,1,liveness_fail,116.32,298.12,0.02,0.09,0.19,,298.48
2026-06-05 00:37:56,1,liveness_fail,84.22,227.18,0.04,0.11,0.21,,227.61
2026-06-05 00:37:56,1,liveness_fail,58.6,169.68,0.02,0.08,0.16,,170.0
2026-06-05 00:37:57,1,liveness_fail,75.08,197.84,0.03,0.16,0.28,,198.41
2026-06-05 00:37:57,1,success,58.75,166.08,0.02,0.1,0.24,134.91,312.36
2026-06-05 00:37:57,1,liveness_fail,89.34,242.92,0.02,0.1,0.22,,243.34
2026-06-05 00:37:58,1,liveness_fail,56.06,183.25,0.02,0.09,0.14,,183.56
2026-06-05 00:37:58,1,liveness_fail,54.41,173.4,0.03,0.1,0.15,,173.73
2026-06-05 00:37:58,1,liveness_fail,80.44,217.09,0.02,0.08,0.15,,217.39
2026-06-05 00:37:58,1,liveness_fail,75.26,170.0,0.02,0.1,0.23,,170.41
2026-06-05 00:37:59,1,success,63.11,201.54,0.04,0.1,0.2,127.1,341.14
2026-06-05 00:37:59,1,liveness_fail,42.47,120.55,0.03,0.13,0.21,,120.99
2026-06-05 00:37:59,1,liveness_fail,126.75,256.09,0.02,0.09,0.13,,256.38
2026-06-05 00:38:00,1,liveness_fail,72.43,335.44,0.02,0.12,0.18,,336.1
2026-06-05 00:38:00,1,liveness_fail,60.48,230.6,0.03,0.1,0.18,,230.97
2026-06-05 00:38:01,1,success,88.41,308.3,0.02,0.29,0.62,131.83,453.24
2026-06-05 00:38:01,1,liveness_fail,45.58,191.04,0.08,1.27,0.3,,192.97
2026-06-05 00:38:01,1,liveness_fail,87.64,187.11,0.03,0.1,0.14,,187.44
2026-06-05 00:38:02,1,success,77.33,217.99,0.02,0.15,0.34,127.98,359.01
2026-06-05 00:38:02,1,liveness_fail,43.44,119.79,0.03,0.13,0.26,,120.29
2026-06-05 00:38:02,1,liveness_fail,113.18,184.4,0.03,0.09,0.14,,184.71
2026-06-05 00:38:02,1,liveness_fail,82.14,176.22,0.04,0.12,0.15,,176.59
2026-06-05 00:38:03,1,liveness_fail,78.24,177.14,0.02,0.08,0.11,,177.4
2026-06-05 00:38:03,1,success,66.53,242.49,0.02,0.08,0.17,138.1,399.26
2026-06-05 00:38:03,1,unknown,50.51,211.53,0.02,0.1,,,211.7
2026-06-05 00:38:04,1,liveness_fail,137.44,239.92,0.02,0.08,0.13,,240.2
2026-06-05 00:38:04,1,success,89.24,255.16,0.03,0.15,0.14,145.46,413.27
2026-06-05 00:38:05,1,liveness_fail,43.77,200.72,0.04,0.11,0.17,,201.11
2026-06-05 00:38:05,1,liveness_fail,55.2,224.0,0.02,0.09,0.16,,224.35
2026-06-05 00:38:05,1,success,64.41,209.72,0.03,0.1,0.16,124.04,344.43
2026-06-05 00:38:06,1,liveness_fail,43.77,123.7,0.02,0.14,0.22,,124.14
2026-06-05 00:38:06,1,liveness_fail,71.83,189.42,0.02,0.16,0.18,,189.84
2026-06-05 00:38:06,1,liveness_fail,58.26,176.73,0.03,0.16,0.19,,177.16
2026-06-05 00:38:06,1,liveness_fail,55.78,173.39,0.02,0.13,0.16,,173.79
2026-06-05 00:38:07,1,success,73.0,193.68,0.03,0.1,0.32,144.96,352.45
2026-06-05 00:38:07,1,liveness_fail,51.16,251.4,0.03,0.13,0.19,,251.81
2026-06-05 00:38:07,1,liveness_fail,58.14,213.28,0.03,0.1,0.22,,213.72
2026-06-05 00:38:08,1,liveness_fail,56.39,185.01,0.03,0.09,0.16,,185.36
2026-06-05 00:38:08,1,success,69.35,195.6,0.03,0.1,0.21,123.06,332.24
2026-06-05 00:38:08,1,liveness_fail,43.45,133.59,0.03,0.11,0.37,,134.19
2026-06-05 00:38:09,1,liveness_fail,116.45,217.04,0.03,0.12,0.16,,217.41
2026-06-05 00:38:09,1,liveness_fail,70.47,203.52,0.02,0.09,0.12,,203.79
2026-06-05 00:38:09,1,liveness_fail,58.85,210.43,0.03,0.1,0.18,,210.81
2026-06-05 00:38:10,1,success,91.12,239.18,0.02,0.16,0.2,134.92,386.61
2026-06-05 00:38:10,1,liveness_fail,52.42,315.8,0.04,0.17,0.29,,316.43
2026-06-05 00:38:11,1,liveness_fail,184.39,268.46,0.02,0.1,0.16,,268.81
2026-06-05 00:38:11,1,success,77.53,317.89,0.03,0.14,0.24,147.83,477.84
2026-06-05 00:38:12,1,liveness_fail,51.36,292.55,0.04,0.11,0.19,,292.96
2026-06-05 00:38:12,1,liveness_fail,111.92,252.52,0.03,0.11,0.22,,252.94
2026-06-05 00:38:12,1,liveness_fail,80.46,208.98,0.02,0.09,0.15,,209.29
2026-06-05 00:38:13,1,liveness_fail,68.64,268.66,0.07,0.11,0.22,,269.15
2026-06-05 00:38:13,1,success,56.7,200.43,0.03,0.12,0.23,137.81,350.36
2026-06-05 00:38:13,1,liveness_fail,44.26,228.17,0.02,0.12,0.16,,228.53
2026-06-05 00:38:14,1,liveness_fail,61.25,213.24,0.02,0.09,0.12,,213.51
2026-06-05 00:38:14,1,liveness_fail,71.05,273.23,0.03,0.14,0.17,,273.67
2026-06-05 00:38:14,1,liveness_fail,89.77,252.28,0.02,0.1,0.15,,252.61
2026-06-05 00:38:15,1,liveness_fail,64.97,234.16,0.03,0.1,0.2,,234.55
2026-06-05 00:38:16,1,success,64.24,427.81,0.03,0.94,27.38,496.7,978.77
2026-06-05 00:38:17,1,liveness_fail,292.32,614.64,0.03,0.1,0.16,,614.99
2026-06-05 00:38:17,1,liveness_fail,167.86,340.14,0.04,0.1,0.15,,340.49
2026-06-05 00:38:18,1,liveness_fail,106.77,327.37,0.19,0.15,0.22,,328.0
2026-06-05 00:38:18,1,liveness_fail,126.47,295.84,0.02,0.11,0.15,,296.18
2026-06-05 00:38:19,1,liveness_fail,132.11,326.17,0.02,0.08,0.21,,326.53
2026-06-05 00:38:19,1,liveness_fail,90.58,215.9,0.02,0.1,0.19,,216.27
2026-06-05 00:38:20,1,liveness_fail,88.71,225.4,0.02,0.09,0.17,,225.73
2026-06-05 00:38:20,1,liveness_fail,79.61,249.93,0.03,0.3,1.15,,251.49
2026-06-05 00:38:20,1,liveness_fail,87.62,264.68,0.02,0.08,0.15,,264.98
2026-06-05 00:38:21,1,liveness_fail,79.4,195.33,0.02,0.11,2.68,,198.34
2026-06-05 00:38:21,1,liveness_fail,88.37,232.17,0.02,0.09,0.18,,232.51
2026-06-05 00:38:21,1,liveness_fail,64.81,138.93,0.02,0.09,0.19,,139.28
2026-06-05 00:38:22,1,liveness_fail,60.38,361.94,0.04,0.4,0.39,,362.99
2026-06-05 11:08:05,1,liveness_fail,0.0,60.72,0.01,0.03,0.07,,60.85
2026-06-05 11:08:05,1,liveness_fail,0.0,48.08,0.01,0.03,0.05,,48.18
2026-06-05 11:09:44,1,cooldown,0.0,49.34,0.01,0.02,,,49.39
2026-06-05 11:09:44,1,liveness_fail,0.0,47.79,0.01,0.02,0.07,,47.91
